Rank,Auto,SP,Avg_Pts,Std_Dev,Trend_Delta,Skills,Was_Successful
63,0.0,30.2,30.2,14.7,6.3,0,0
62,1.67,15.2,15.2,9.8,11.0,0,0
61,3.33,14.2,28.7,26.6,-30.0,0,0
60,3.33,21.2,21.2,17.9,15.0,0,0
59,5.0,22.8,22.8,10.0,-3.7,20,0
58,0.83,10.5,12.3,10.5,-4.0,0,0
57,1.67,8.7,32.2,22.2,-5.7,22,0
56,2.5,29.7,30.3,22.7,3.3,0,0
55,3.33,14.3,14.7,7.8,2.7,4,0
54,3.33,27.5,37.0,30.7,-1.3,0,0
53,4.17,20.8,30.2,26.5,-9.0,0,0
52,5.0,35.8,39.7,32.9,64.7,0,0
51,1.67,14.0,30.7,37.5,-30.7,0,0
50,5.0,23.8,39.2,33.8,-43.0,0,0
49,1.67,15.0,32.8,21.5,-9.0,33,0
48,1.67,25.7,28.8,21.2,-11.7,0,0
47,2.5,13.2,48.5,45.5,15.7,0,0
46,2.5,15.8,26.2,21.4,-0.3,0,0
45,2.5,18.3,34.4,14.4,8.3,0,0
44,2.5,23.3,33.8,18.6,22.3,0,0
43,2.5,29.7,30.3,27.0,-8.0,0,0
42,3.33,11.7,18.5,16.3,25.0,0,0
41,3.33,12.8,30.8,35.8,22.3,0,0
40,3.33,27.0,38.7,19.7,21.3,0,0
39,5.0,12.8,28.2,30.2,40.3,0,0
38,5.0,42.0,57.0,14.0,-6.0,31,0
37,6.67,24.2,41.8,29.1,21.0,15,0
36,6.67,27.7,54.5,41.2,21.7,0,0
35,5.83,23.8,34.1,31.4,3.8,0,0
34,6.67,16.2,41.2,30.4,43.0,0,0
33,1.67,17.0,27.7,28.8,-33.8,0,0
32,3.33,17.7,34.6,22.6,-8.3,19,0
31,5.0,12.2,47.5,39.3,21.7,0,0
30,5.83,22.7,41.4,39.0,15.3,0,0
29,6.67,42.2,62.0,35.4,46.1,26,0
28,7.5,21.3,58.8,31.5,-14.5,64,0
27,4.17,13.2,43.1,42.6,-28.9,0,0
26,4.17,13.2,32.4,35.6,-16.2,0,0
25,4.17,23.0,47.1,33.7,-8.5,0,0
24,5.0,17.7,41.1,25.4,-17.2,18,0
23,5.0,20.3,46.9,28.1,-45.8,0,0
22,5.0,28.7,51.7,34.0,-33.8,21,0
21,5.83,13.3,37.4,24.0,-6.8,15,0
20,6.67,25.3,62.6,39.6,-18.2,0,0
19,7.5,42.5,62.8,24.6,-0.5,45,0
18,5.0,6.0,59.1,35.5,-8.2,0,0
17,6.67,10.7,76.1,45.1,-13.3,58,0
16,6.67,17.5,47.3,44.3,48.3,0,0
15,7.5,25.0,51.9,31.6,-4.9,0,0
14,8.33,23.7,55.9,30.4,-28.8,0,0
13,6.67,17.8,70.0,41.5,-47.2,39,0
12,8.33,20.7,81.8,35.2,-9.0,0,0
11,8.33,26.3,75.5,41.5,-12.5,64,0
10,4.17,19.8,74.6,32.8,-27.6,0,1
9,4.17,26.7,62.5,28.6,22.0,18,0
8,5.0,22.3,85.9,27.9,-12.8,12,0
7,6.67,22.7,81.4,26.7,-34.8,0,0
6,8.33,19.8,81.1,32.4,-55.2,0,0
5,5.83,25.7,81.6,25.2,-11.6,30,0
4,6.67,22.7,92.2,32.4,-27.6,69,1
3,8.33,16.3,87.7,31.7,11.4,69,1
2,9.17,19.3,82.7,34.7,-33.9,74,0
1,10.0,13.3,97.5,27.2,-25.8,100,1
80,2.22,17.9,17.9,7.7,-0.6,19,0
79,2.22,12.9,19.4,15.9,6.6,16,0
78,2.22,23.6,26.3,13.9,10.5,19,0
77,2.22,18.0,28.9,29.2,17.4,5,0
76,2.22,32.1,34.0,21.5,-8.1,0,0
75,1.11,19.6,32.7,27.8,-27.6,36,0
74,2.22,29.0,35.6,16.3,-17.4,20,0
73,2.78,14.8,20.4,19.3,-23.0,0,0
72,3.33,30.9,37.1,18.2,9.2,0,0
71,4.44,19.9,29.2,24.6,27.8,15,0
70,4.44,21.6,31.3,24.4,17.7,54,0
69,2.22,16.7,33.8,19.5,-17.0,11,0
68,2.22,20.8,33.3,23.5,28.0,22,0
67,2.22,26.9,31.0,12.7,2.7,28,0
66,4.44,19.4,36.4,27.1,44.9,46,0
65,4.44,23.6,49.0,36.9,37.8,38,0
64,4.44,25.8,42.6,25.5,6.4,0,0
63,5.0,23.8,29.2,15.4,-5.0,5,0
62,5.56,23.6,30.2,19.9,5.8,16,0
61,2.22,27.3,42.0,27.6,-1.4,61,0
60,3.89,23.3,41.7,23.0,12.0,43,0
59,4.44,26.2,43.3,34.3,-4.6,87,0
58,5.0,22.9,35.6,28.7,-9.8,17,0
57,5.56,20.2,38.2,24.1,3.5,0,0
56,6.67,28.2,48.0,26.6,-26.1,20,0
55,1.11,24.4,36.9,20.6,-10.5,27,0
54,2.78,16.7,36.2,31.5,7.1,0,0
53,3.33,24.3,37.1,22.5,-16.4,46,0
52,4.44,19.2,37.0,25.9,18.9,28,0
51,4.44,31.0,47.7,22.7,-26.2,28,0
50,5.56,27.9,42.4,27.3,-38.0,46,0
49,1.11,20.2,28.3,19.2,17.0,0,0
48,2.22,24.9,42.9,22.8,3.0,53,0
47,3.33,21.9,45.3,27.9,-7.0,68,0
46,3.33,22.7,37.3,24.3,6.5,0,0
45,4.44,17.6,38.4,28.7,5.8,32,0
44,4.44,33.6,46.8,24.9,-32.4,0,0
43,5.56,19.2,49.2,28.6,30.8,73,0
42,5.56,27.4,28.9,16.2,-16.8,53,0
41,5.56,29.0,49.3,31.6,-26.0,0,0
40,6.67,17.4,48.0,34.4,-19.4,56,0
39,6.67,21.0,46.4,26.5,17.9,27,0
38,3.33,19.6,44.2,27.7,3.1,23,0
37,4.44,28.6,52.6,29.3,22.2,0,0
36,5.0,24.0,36.9,31.1,-21.4,53,0
35,6.67,22.7,52.6,24.9,19.3,69,1
34,6.67,30.0,43.8,20.3,1.9,33,0
33,7.78,25.6,49.5,22.8,-2.7,45,0
32,3.89,26.8,47.8,22.7,-10.3,40,0
31,4.44,21.7,38.7,25.2,34.0,0,0
30,4.44,30.4,45.4,24.5,-15.4,37,0
29,3.89,33.1,48.9,23.8,-2.9,21,0
28,4.44,27.6,40.6,23.5,-22.0,57,0
27,5.56,18.0,49.9,30.1,-13.2,34,0
26,6.67,27.1,45.3,20.7,-24.4,79,0
25,4.44,30.9,59.8,20.2,-2.7,84,0
24,8.89,32.2,56.4,33.4,25.1,64,0
23,5.0,34.8,48.8,24.1,-4.0,42,0
22,7.78,30.0,58.2,26.4,-38.0,70,0
21,5.56,18.4,74.1,38.3,-25.8,66,0
20,5.56,27.6,53.5,17.0,-13.3,71,0
19,6.11,19.7,61.0,27.9,9.2,32,0
18,6.67,21.9,57.7,21.5,-14.8,65,1
17,6.67,23.1,57.5,31.6,-28.7,0,0
16,7.78,17.4,65.5,31.1,-15.0,0,0
15,4.44,30.1,52.8,27.6,2.8,78,0
14,3.33,19.0,59.4,24.2,-11.6,86,1
13,5.56,15.2,56.8,23.7,-1.7,85,1
12,5.56,24.1,59.5,36.6,-20.8,66,0
11,6.11,18.0,68.1,33.7,29.0,36,0
10,6.67,21.0,48.3,19.0,-9.4,76,0
9,6.67,27.3,55.9,22.8,-19.2,72,0
8,8.33,18.6,59.0,27.3,-18.0,60,0
7,3.89,22.7,59.4,14.2,9.5,64,0
6,5.0,21.8,69.1,27.8,13.8,40,0
5,5.56,19.8,58.9,30.7,26.6,76,0
4,7.22,20.7,70.3,32.8,15.0,40,0
3,7.78,17.9,66.5,30.2,-21.0,0,0
2,8.89,19.0,69.7,36.4,-34.0,96,1
1,8.89,19.9,77.5,23.8,-5.8,96,0
59,2.0,18.5,19.5,17.0,6.1,0,0
58,3.0,14.7,20.4,17.5,6.9,0,0
57,6.0,24.7,27.3,18.1,24.7,2,0
56,2.0,15.6,25.8,25.2,-9.5,0,0
55,2.5,16.2,23.8,23.1,-13.9,25,0
54,4.0,36.3,43.5,29.7,0.6,47,0
53,5.5,23.2,36.6,25.5,-12.8,53,0
52,4.0,27.6,41.4,27.0,-6.3,46,0
51,2.0,27.2,41.0,30.5,-29.0,41,0
50,4.0,21.7,47.0,34.1,3.7,21,0
49,4.5,27.2,39.1,27.7,-1.2,2,0
48,5.0,24.6,36.3,33.8,35.0,0,0
47,5.5,27.7,36.1,21.7,-3.9,0,0
46,2.0,21.7,31.7,30.4,42.0,0,0
45,4.5,13.9,31.2,21.9,-3.3,22,0
44,2.5,34.4,52.7,21.4,-5.7,56,0
43,3.0,14.2,44.8,28.5,6.3,12,0
42,3.0,20.3,50.2,35.3,-31.8,72,0
41,3.5,16.9,26.2,19.7,8.4,34,0
40,3.5,21.7,27.1,21.3,13.0,0,0
39,3.5,33.0,39.9,9.0,-0.9,21,0
38,4.0,22.5,37.1,26.7,-18.2,0,0
37,4.0,27.1,48.4,36.7,-37.8,13,0
36,4.0,28.5,48.9,25.9,-14.8,21,0
35,5.0,19.1,46.7,35.6,-34.6,0,0
34,5.0,24.8,38.3,26.4,10.0,35,0
33,9.0,34.6,49.4,26.5,-38.2,30,0
32,2.5,26.1,41.5,23.9,0.3,32,0
31,3.0,30.6,57.5,26.1,-23.0,0,1
30,5.0,32.9,55.4,29.1,4.3,23,0
29,5.0,35.2,49.8,22.7,-8.8,0,0
28,6.0,15.8,38.7,34.0,7.9,9,0
27,4.0,33.0,50.7,22.2,-14.2,38,0
26,5.0,23.7,50.2,34.8,-1.8,22,0
25,2.5,25.5,45.2,24.0,6.2,0,0
24,4.0,18.0,30.8,26.9,-3.8,15,0
23,4.0,35.0,47.2,23.3,6.6,57,0
22,5.0,25.9,52.2,32.5,-11.2,0,0
21,5.0,28.7,62.8,30.6,-16.3,33,0
20,5.5,28.5,40.9,22.6,-3.5,0,0
19,7.0,25.1,62.6,38.4,-32.8,38,0
18,3.0,28.3,39.9,25.5,-0.8,31,0
17,5.0,30.3,60.3,24.0,24.1,0,0
16,3.0,32.3,60.3,34.2,-19.2,61,0
15,4.5,27.0,60.5,34.6,-28.7,7,0
14,5.0,21.7,49.8,34.9,24.0,21,0
13,6.0,21.4,45.5,38.8,-11.1,6,0
12,8.0,24.0,37.5,19.9,-7.0,39,0
11,6.5,26.5,52.9,21.9,-0.4,30,1
10,7.0,16.8,57.5,23.5,-6.7,42,0
9,7.0,19.0,73.6,37.7,-9.9,48,0
8,8.0,37.1,76.2,30.2,12.5,73,1
7,7.0,33.4,58.1,25.9,-9.9,0,0
6,7.0,30.4,79.0,26.8,2.5,79,1
5,9.0,20.6,71.6,32.1,-16.4,17,0
4,8.0,22.2,91.3,40.8,-0.4,76,0
3,10.0,13.9,83.3,30.9,17.6,53,0
2,10.0,13.0,84.9,30.1,-18.6,0,0
1,6.0,21.1,83.2,14.5,3.9,78,1
23,2.14,10.4,10.4,3.1,-2.8,0,0
22,2.86,11.1,21.0,27.4,19.2,0,0
21,2.86,14.9,24.0,20.0,-15.8,0,0
20,0.71,12.3,23.6,29.9,11.5,0,0
19,1.43,18.1,31.6,29.6,12.1,0,0
18,5.0,23.3,31.7,25.6,-21.3,0,0
17,5.0,33.4,54.0,33.6,-39.5,13,0
16,1.43,20.1,40.2,32.8,-28.4,0,0
15,3.57,17.9,39.4,37.4,-41.2,3,0
14,5.0,29.0,36.4,21.6,-19.7,0,0
13,4.29,26.3,52.1,28.5,31.2,24,0
12,4.29,30.4,64.0,23.5,18.0,0,0
11,5.0,28.1,48.9,30.3,-6.2,57,0
10,6.43,19.3,64.6,28.9,0.0,0,1
9,6.43,20.9,62.8,43.0,-4.0,19,0
8,6.43,29.3,57.9,29.3,-15.8,0,0
7,7.86,31.6,70.1,42.6,-10.8,0,0
6,5.0,21.6,45.6,22.5,-3.8,0,0
5,7.86,22.0,70.7,42.4,30.9,63,0
4,5.71,19.3,83.8,36.3,10.8,75,1
3,8.57,16.4,94.5,42.3,19.0,69,0
2,7.86,21.0,65.6,33.2,-1.7,3,0
1,8.57,19.4,101.9,30.4,-0.9,96,1
38,1.43,7.1,8.0,6.5,4.1,20,0
37,2.86,18.4,18.4,11.5,8.9,0,0
36,2.14,10.0,10.9,6.1,-6.1,15,0
35,2.86,18.3,22.4,15.8,-5.8,0,0
34,4.29,16.1,35.6,43.3,22.6,4,0
33,2.86,17.9,23.4,13.6,-3.8,5,0
32,2.86,22.0,22.9,16.5,-26.5,0,0
31,3.57,13.3,18.3,13.1,-12.0,0,0
30,4.29,13.3,39.9,42.6,36.5,0,0
29,4.29,18.1,31.2,33.9,18.0,16,0
28,4.29,24.9,45.1,30.4,-6.5,20,0
27,5.0,24.1,41.0,23.8,-13.5,0,0
26,6.43,17.6,21.6,18.2,-14.8,0,0
25,7.14,18.3,31.1,21.8,-20.2,0,0
24,2.14,16.7,25.3,18.4,6.0,0,0
23,2.14,18.4,36.6,26.3,7.2,7,0
22,2.86,25.1,29.2,22.4,-2.0,4,0
21,3.57,18.1,40.9,24.0,-21.2,15,0
20,5.71,22.1,38.8,23.2,-29.6,6,0
19,3.57,22.4,40.0,27.6,-24.0,0,0
18,3.57,29.3,48.5,25.5,10.0,0,0
17,5.0,19.6,54.1,33.3,9.8,17,0
16,5.0,19.9,37.9,20.8,-26.2,0,0
15,5.0,28.7,54.7,39.3,-4.6,28,0
14,5.0,29.0,61.6,27.7,-13.4,32,0
13,7.14,20.3,45.5,29.4,15.5,24,0
12,8.57,17.7,45.1,31.1,-10.8,0,0
11,4.29,40.1,70.6,37.2,11.8,0,0
10,6.43,15.3,49.9,35.8,12.0,16,0
9,4.29,22.7,63.4,34.6,33.7,67,1
8,5.71,20.4,63.8,33.4,36.5,27,0
7,6.43,21.0,62.7,34.0,1.0,39,0
6,8.57,18.7,92.2,21.4,25.3,43,1
5,8.57,21.4,82.8,42.3,-14.3,63,1
4,7.14,20.4,98.3,35.4,1.0,61,0
3,3.57,25.3,75.3,25.6,7.0,37,0
2,6.43,18.6,92.3,49.8,-4.3,44,1
1,9.29,17.9,104.6,32.9,-22.3,30,1
46,3.33,15.0,15.0,10.6,-9.3,0,0
45,4.17,12.2,12.2,6.3,-1.0,2,0
44,2.5,13.2,15.8,16.5,24.3,1,0
43,2.5,15.3,18.3,18.7,13.3,0,0
42,3.33,17.2,37.0,38.4,-32.0,0,0
41,3.33,21.8,37.8,32.8,29.7,5,0
40,4.17,13.2,22.7,27.1,-15.3,0,0
39,4.17,18.5,19.0,6.3,-10.7,17,0
38,6.67,14.7,20.3,16.8,11.3,0,0
37,0.0,17.7,25.4,16.2,4.8,1,0
36,1.67,11.8,29.3,30.7,32.0,0,0
35,1.67,15.7,32.5,35.6,13.7,6,0
34,1.67,21.2,24.2,18.2,-29.0,15,0
33,3.33,13.2,18.1,11.9,-9.1,7,0
32,5.0,16.8,45.2,40.1,9.7,0,0
31,5.0,19.2,31.0,25.3,5.5,15,0
30,5.0,24.0,33.0,27.9,5.2,0,0
29,5.83,7.8,34.5,36.7,5.0,1,0
28,5.83,20.8,26.4,15.9,0.2,8,0
27,7.5,20.2,37.0,33.3,-46.1,0,0
26,2.5,13.2,23.6,23.7,29.0,0,0
25,3.33,11.2,30.1,32.9,10.2,15,0
24,3.33,19.8,30.3,17.0,10.4,14,0
23,3.33,24.8,38.6,28.6,13.2,0,0
22,4.17,9.7,25.3,28.5,16.7,0,0
21,4.17,23.3,50.1,33.4,5.5,14,0
20,5.0,17.5,36.6,26.8,-25.2,0,0
19,5.83,5.7,47.3,44.5,45.4,3,0
18,5.83,14.5,47.4,34.6,20.8,0,0
17,3.33,24.7,51.0,25.5,-3.5,17,0
16,4.17,10.5,43.8,36.9,0.0,0,0
15,4.17,18.0,48.7,34.7,-19.8,17,0
14,5.0,14.7,54.1,36.9,-19.2,49,0
13,5.0,14.8,37.6,17.5,16.2,6,0
12,6.67,22.7,66.1,29.6,18.2,75,1
11,7.5,22.5,81.3,45.8,-47.6,41,0
10,8.33,12.7,52.1,34.3,-55.8,22,0
9,7.5,20.2,73.6,30.5,23.5,73,0
8,6.67,14.2,53.2,32.5,-52.5,0,0
7,9.17,17.2,87.4,39.8,-5.5,24,0
6,3.33,24.5,84.0,32.2,1.6,67,1
5,5.83,28.7,63.8,25.2,-17.0,32,0
4,8.33,8.2,107.4,29.3,-16.0,73,1
3,8.33,19.7,80.2,24.9,-5.9,72,0
2,9.17,11.0,91.7,29.3,1.0,50,1
1,10.0,15.7,97.9,31.5,-19.0,0,1
64,1.67,23.9,28.1,15.6,-0.2,0,0
63,4.44,26.9,26.9,16.6,-13.2,15,0
62,1.11,9.3,16.4,21.7,25.6,0,0
61,1.67,17.7,20.3,14.0,2.4,0,0
60,1.67,16.3,31.9,24.6,-22.6,17,0
59,1.67,27.8,38.2,24.7,3.5,27,0
58,2.22,16.8,25.0,26.5,14.0,28,0
57,2.22,21.1,47.4,40.3,-19.5,6,0
56,2.78,24.3,26.0,19.4,-5.4,0,0
55,3.33,19.3,36.3,30.7,-0.3,0,0
54,3.33,29.2,32.4,28.8,-34.8,15,0
53,5.0,21.7,35.1,27.3,24.5,0,0
52,7.22,27.4,37.6,23.3,12.7,0,0
51,1.67,28.8,44.2,29.5,-8.6,0,0
50,3.33,24.2,33.4,18.0,-20.8,0,0
49,3.89,28.9,52.4,38.1,-6.0,0,0
48,3.89,22.9,46.2,29.7,-39.2,0,0
47,3.89,24.1,26.7,22.1,-40.2,0,0
46,2.22,31.1,46.6,29.1,-27.6,44,0
45,3.89,25.0,40.0,28.0,-6.8,36,0
44,4.44,25.8,45.2,28.4,-20.3,40,0
43,4.44,26.0,42.8,22.3,9.0,0,0
42,5.0,24.4,45.8,28.4,-1.8,33,0
41,5.0,32.6,53.4,26.9,3.5,5,0
40,5.56,45.4,63.3,15.2,2.4,76,0
39,6.11,26.6,57.4,18.6,5.3,33,0
38,1.67,25.2,40.2,26.3,6.2,0,0
37,3.33,28.4,42.7,23.5,-2.0,32,0
36,3.33,33.4,58.0,33.0,-6.4,55,0
35,3.89,23.1,44.1,25.7,-12.0,31,0
34,4.44,26.3,46.8,38.1,18.8,51,0
33,6.67,24.4,55.1,36.7,27.2,51,0
32,6.67,34.1,43.4,18.4,-0.1,0,0
31,8.33,38.2,63.5,28.6,-29.0,45,0
30,2.22,22.9,34.8,24.8,5.5,21,0
29,3.33,41.3,57.9,26.3,19.6,0,0
28,3.89,29.7,52.5,30.1,-20.2,37,0
27,3.89,37.1,80.9,34.5,16.9,55,0
26,4.44,24.7,34.3,25.4,4.2,0,0
25,5.56,32.6,61.8,27.3,15.2,0,0
24,6.67,21.9,41.3,30.0,-5.0,19,0
23,7.78,17.4,53.3,36.6,-27.8,0,0
22,3.89,23.1,52.5,35.0,7.4,4,0
21,4.44,20.6,61.6,27.3,17.2,57,1
20,4.44,27.7,71.8,39.6,-9.1,36,0
19,7.22,23.2,73.8,33.0,-28.0,74,1
18,3.33,34.6,55.9,19.6,-13.7,65,0
17,6.67,24.2,66.4,24.2,-0.1,52,0
16,6.67,27.8,63.5,35.9,12.6,47,1
15,5.56,46.9,60.6,21.9,-22.0,44,0
14,6.67,29.0,74.8,35.1,-16.5,42,0
13,6.67,32.0,57.8,23.7,-22.3,69,1
12,8.89,29.0,70.3,32.8,15.4,65,0
11,7.78,20.9,70.7,30.2,-2.2,32,1
10,3.89,26.8,60.6,28.7,-20.8,2,0
9,7.78,27.3,75.2,26.3,-14.8,0,0
8,8.89,36.8,67.7,26.1,28.5,54,0
7,6.11,25.4,72.2,32.0,-7.0,0,0
6,7.78,15.6,88.0,38.9,5.1,66,0
5,8.33,27.1,76.8,37.9,-50.3,0,0
4,5.56,28.8,75.7,31.9,-20.9,50,1
3,7.22,23.8,98.8,27.5,1.0,0,0
2,9.44,33.2,70.4,21.9,13.5,44,0
1,10.0,31.6,77.4,26.8,13.1,51,0
48,1.11,22.0,38.1,40.9,26.3,23,0
47,2.22,19.9,19.9,10.2,0.2,0,0
46,2.78,8.4,14.9,21.8,14.6,20,0
45,3.33,18.0,24.6,21.0,-17.4,0,0
44,3.89,27.1,33.6,25.1,-9.8,4,0
43,4.44,28.0,29.4,12.7,0.8,18,0
42,2.78,21.8,26.8,17.3,-1.8,6,0
41,1.67,26.6,27.3,16.7,9.6,26,0
40,3.33,21.0,22.8,11.4,-7.6,15,0
39,3.33,21.2,31.5,24.2,-7.4,42,0
38,3.33,15.3,33.0,30.4,6.8,9,0
37,1.11,26.0,34.7,24.8,-17.2,0,0
36,3.33,22.3,46.7,33.0,2.5,72,0
35,4.44,40.3,51.0,16.6,11.2,34,0
34,5.0,30.8,49.6,31.1,18.1,48,0
33,6.11,25.9,43.0,26.9,4.5,27,0
32,1.11,21.8,48.7,36.6,-45.6,23,0
31,3.33,32.4,54.0,29.9,6.0,62,0
30,3.89,20.3,37.0,30.3,12.0,0,0
29,7.78,23.9,49.6,31.8,0.0,0,0
28,3.33,24.3,44.5,31.9,15.4,0,0
27,2.78,21.4,52.2,36.7,-32.0,0,0
26,4.44,14.8,47.5,40.3,-36.2,22,0
25,8.89,25.1,56.0,35.9,1.3,79,0
24,3.33,26.9,45.5,30.3,0.2,84,0
23,4.44,28.8,52.4,30.8,-11.1,76,0
22,4.44,34.8,61.7,37.5,-44.6,28,0
21,5.0,26.9,50.2,33.7,-8.0,0,0
20,5.56,30.4,57.6,39.5,16.0,84,0
19,6.67,27.6,53.2,35.5,1.6,49,0
18,5.56,23.7,49.6,21.2,-10.0,54,0
17,5.56,26.4,58.5,25.8,-17.4,60,0
16,6.67,29.7,52.4,23.6,-13.6,0,0
15,7.78,26.7,57.3,34.6,-47.9,44,0
14,8.89,19.3,71.0,36.5,4.8,0,0
13,2.22,39.2,73.0,27.4,2.2,85,0
12,5.56,23.2,64.8,41.0,-12.0,0,0
11,5.56,19.0,64.5,33.8,-5.8,64,0
10,5.56,16.3,69.6,28.7,-14.8,98,1
9,6.67,18.7,52.1,35.1,-6.6,0,0
8,8.89,27.0,82.1,30.6,-3.2,82,0
7,6.11,32.3,63.3,39.4,-1.0,84,0
6,7.78,25.3,57.3,35.0,-6.6,71,1
5,5.56,30.7,66.4,27.5,-14.8,72,0
4,6.67,24.9,73.2,29.3,-24.6,36,0
3,10.0,26.3,50.4,30.4,-25.4,94,1
2,6.67,21.6,85.9,24.2,-15.2,84,0
1,6.67,14.1,75.6,29.6,-4.1,81,1
51,5.56,22.7,26.3,9.3,0.6,18,0
50,0.0,16.7,21.8,15.3,0.9,30,0
49,1.67,28.4,31.2,17.5,5.8,0,0
48,2.78,16.8,21.4,19.6,0.8,0,0
47,2.78,23.2,23.2,14.0,-14.4,31,0
46,4.44,25.7,28.1,17.8,2.9,0,0
45,1.11,29.0,34.6,14.9,-4.4,37,0
44,4.44,28.4,42.2,26.6,4.9,0,0
43,5.0,32.8,39.0,19.0,-6.3,15,0
42,4.44,20.0,28.8,21.0,-5.4,0,0
41,4.44,24.1,27.0,17.6,4.5,23,0
40,4.44,26.9,35.6,21.9,3.0,0,0
39,1.67,25.9,35.1,30.6,-21.8,20,0
38,2.78,23.0,41.1,38.0,31.0,0,0
37,2.78,33.8,39.1,15.9,-11.0,15,0
36,3.33,18.2,39.8,35.0,0.0,71,0
35,3.33,31.6,54.1,31.9,27.2,0,0
34,4.44,33.7,46.2,23.6,1.3,63,0
33,5.0,31.3,39.0,28.3,3.6,19,0
32,2.78,28.0,49.4,26.7,-12.7,0,0
31,3.33,20.8,47.9,37.4,19.6,21,0
30,4.44,20.0,49.7,42.2,-25.8,30,0
29,4.44,28.7,53.7,39.8,-44.6,73,0
28,6.67,27.9,47.2,32.3,-44.4,53,0
27,2.78,28.1,49.8,31.3,1.5,0,0
26,4.44,33.9,52.8,26.5,25.6,37,0
25,6.67,31.8,55.5,31.6,-17.7,57,0
24,3.89,34.8,60.0,30.2,-30.4,0,0
23,6.67,20.4,53.4,32.4,0.0,22,0
22,6.67,28.3,53.5,34.8,-21.2,33,0
21,7.78,23.7,53.6,31.0,-5.2,0,0
20,4.44,28.0,51.5,29.8,8.6,37,0
19,4.44,33.0,58.0,29.4,-26.0,66,0
18,5.56,31.8,52.8,23.5,-20.4,33,1
17,6.11,24.7,53.5,31.4,-17.4,0,0
16,7.78,30.1,52.8,20.2,16.9,75,0
15,3.89,22.8,47.3,31.7,-34.6,64,0
14,5.56,22.3,73.0,34.2,-28.7,0,0
13,6.67,27.2,66.6,30.4,-27.4,63,0
12,7.78,36.0,67.0,30.6,8.4,58,0
11,8.89,17.4,75.6,32.7,-12.8,72,0
10,5.56,25.9,66.3,32.2,14.1,56,0
9,7.22,26.8,57.3,21.3,4.6,21,0
8,7.78,26.3,88.2,36.7,-18.3,78,0
7,7.78,26.4,73.6,30.8,-16.0,22,1
6,3.33,24.7,71.2,32.0,-9.6,0,0
5,4.44,21.3,67.2,23.5,-6.8,58,1
4,5.56,23.1,73.4,30.4,8.1,65,0
3,6.11,22.2,80.0,26.2,-13.2,58,0
2,10.0,24.0,73.8,23.3,-4.0,91,1
1,6.67,25.8,95.7,31.3,-14.7,104,1
54,3.33,26.6,26.6,16.1,-7.6,2,0
53,0.0,26.6,42.5,29.7,10.7,74,0
52,0.0,27.7,27.8,14.4,-16.6,54,0
51,1.11,17.2,25.2,28.1,-12.6,21,0
50,2.22,19.6,26.2,17.9,14.8,0,0
49,3.33,34.4,36.3,12.2,4.6,57,0
48,3.33,27.8,31.7,13.2,-16.4,0,0
47,0.0,35.9,46.6,26.9,-1.2,13,0
46,3.33,33.1,41.8,18.0,-9.9,33,0
45,4.44,27.8,31.2,22.8,-11.3,6,0
44,2.22,30.3,37.8,17.9,5.0,57,0
43,2.22,24.4,47.9,37.2,-5.6,57,0
42,2.22,25.2,38.8,25.6,-9.9,40,0
41,3.33,28.6,49.2,33.9,-44.2,32,0
40,4.44,23.7,39.4,27.2,33.6,0,0
39,5.56,23.3,42.6,30.5,24.4,56,0
38,5.56,25.9,42.3,29.7,6.0,22,0
37,2.22,28.1,58.4,33.8,-8.6,53,0
36,3.33,28.9,46.7,29.1,25.5,0,0
35,3.33,36.7,43.9,16.6,-9.2,38,0
34,5.56,20.4,42.4,29.4,23.3,0,0
33,2.22,25.2,47.5,33.9,-29.4,25,0
32,4.44,36.7,51.2,26.0,3.2,19,0
31,5.56,37.1,50.3,22.4,-35.4,35,0
30,2.22,30.4,51.6,16.9,16.3,67,0
29,3.33,30.6,62.7,33.9,13.1,72,0
28,4.44,23.8,48.6,33.0,13.2,72,0
27,4.44,28.7,44.9,33.1,-41.4,75,0
26,7.78,26.9,56.0,35.0,31.2,19,0
25,4.44,32.2,48.8,32.8,16.0,45,0
24,5.56,28.1,52.6,19.4,6.1,0,0
23,6.67,30.3,42.3,27.0,-29.0,52,0
22,7.78,27.0,56.5,41.0,0.1,58,0
21,5.56,37.3,62.5,29.9,-15.7,69,0
20,5.56,38.8,64.9,17.4,24.0,47,0
19,6.67,29.9,61.1,24.6,-3.0,95,0
18,6.67,31.9,60.2,20.8,-21.3,10,0
17,7.78,26.4,63.4,32.0,22.0,34,0
16,4.44,34.6,55.1,27.3,-2.2,48,0
15,5.56,33.1,60.8,27.5,20.0,89,1
14,8.89,25.9,75.5,35.8,-25.2,69,0
13,4.44,32.3,59.7,27.7,1.0,60,0
12,5.56,26.6,58.0,20.6,26.0,27,0
11,7.78,28.1,65.2,29.1,-17.6,67,0
10,6.67,30.8,75.8,31.2,-34.0,73,0
9,7.78,30.6,63.1,26.5,19.8,76,0
8,6.67,27.4,59.1,20.6,4.2,0,0
7,7.78,19.9,83.5,42.5,-8.5,98,0
6,7.78,36.9,65.8,23.1,2.0,85,0
5,8.89,21.8,76.5,38.8,-31.0,102,1
4,5.56,18.6,70.5,37.7,-29.1,0,1
3,8.89,32.9,79.0,34.0,-41.6,61,0
2,8.89,28.8,77.5,23.9,-17.6,72,1
1,10.0,21.6,67.0,31.6,2.1,84,1
94,2.5,43.4,43.4,18.5,-22.2,8,0
93,3.75,29.4,29.4,11.1,-9.2,0,0
92,2.5,28.4,32.4,22.8,1.2,5,0
91,2.5,37.4,39.6,18.0,-3.8,10,0
90,2.5,43.5,46.6,16.5,1.8,23,0
89,3.75,33.6,35.6,13.4,7.2,0,0
88,3.75,36.4,39.6,20.1,-21.2,44,0
87,5.0,42.0,42.1,10.3,-4.8,48,0
86,1.88,31.8,35.4,18.9,6.2,25,0
85,2.5,45.0,61.6,21.6,-8.8,61,0
84,3.75,32.4,36.8,23.1,-21.5,0,0
83,3.75,32.6,37.1,18.1,10.2,0,0
82,3.75,55.8,60.1,13.4,-13.8,75,0
81,5.0,33.9,45.1,17.4,5.8,0,0
80,5.0,47.4,51.1,20.7,-12.8,33,0
79,5.62,53.1,53.6,12.5,-4.2,10,0
78,0.0,29.0,46.0,26.7,-11.0,17,0
77,1.25,23.9,37.6,30.0,-28.2,31,0
76,1.25,31.5,39.6,13.3,2.2,26,0
75,3.12,37.5,43.8,20.5,28.5,0,0
74,3.75,29.1,45.6,30.9,20.2,24,0
73,3.75,32.8,44.2,18.2,3.5,14,0
72,3.75,35.6,59.0,27.1,-35.0,48,0
71,3.75,35.6,60.4,31.6,-15.2,7,0
70,3.75,42.6,54.9,19.6,-17.8,18,0
69,3.75,44.6,62.4,23.2,-31.8,52,0
68,3.75,46.5,66.1,18.0,-27.8,32,0
67,4.38,27.0,43.4,25.3,-23.2,7,0
66,5.0,37.0,39.2,19.0,24.0,15,0
65,6.25,37.5,56.2,26.4,4.5,40,0
64,6.25,38.1,51.8,26.3,8.6,25,0
63,6.88,44.9,55.1,16.0,5.2,11,0
62,2.5,25.6,37.2,25.8,17.5,0,0
61,2.5,33.6,44.2,22.0,12.5,0,0
60,3.75,36.0,44.6,20.3,-4.2,31,0
59,3.75,43.4,56.5,21.7,8.0,54,0
58,3.75,47.6,53.1,17.3,-3.2,49,0
57,5.0,43.8,54.1,23.5,7.8,0,0
56,7.5,35.5,53.5,27.3,39.5,30,0
55,2.5,36.1,47.6,20.9,-36.2,39,0
54,2.5,38.6,59.1,25.8,4.8,39,0
53,3.75,26.9,47.1,28.9,-22.3,44,0
52,3.75,38.9,54.6,15.3,-12.8,35,0
51,3.75,40.4,67.2,20.8,-10.5,72,0
50,3.75,41.6,51.8,13.3,-7.0,31,0
49,5.0,39.9,59.5,25.3,1.7,69,0
48,5.0,41.8,56.1,21.6,-15.2,20,0
47,6.25,39.4,64.6,20.6,36.8,49,0
46,6.25,41.0,63.4,27.5,2.2,17,0
45,6.25,48.0,62.2,11.2,-13.0,0,0
44,10.0,37.0,47.8,24.8,-33.0,10,0
43,2.5,49.0,59.0,17.3,8.5,76,0
42,3.75,25.8,47.2,30.0,3.0,0,0
41,3.75,28.9,57.0,30.6,35.5,35,0
40,3.75,34.9,57.8,18.5,7.5,0,0
39,5.0,41.0,48.8,14.0,-5.8,0,0
38,2.5,28.5,53.0,28.6,-5.5,0,0
37,2.5,36.6,53.0,20.2,-17.0,61,0
36,2.5,38.1,50.5,19.8,-20.5,19,0
35,3.75,36.2,63.1,23.9,-26.8,33,0
34,5.0,29.9,52.0,24.6,-1.0,0,0
33,5.0,33.1,53.8,28.7,-46.5,0,0
32,5.62,43.5,69.4,31.2,-4.8,73,0
31,6.25,46.5,58.3,30.8,-20.5,60,0
30,7.5,31.8,69.0,20.7,4.5,39,0
29,8.75,31.6,68.0,27.4,-9.0,44,0
28,5.0,38.9,66.3,33.0,-15.2,64,0
27,6.25,36.9,64.8,33.3,17.2,53,0
26,6.25,37.5,65.3,31.0,28.0,0,0
25,6.25,50.9,66.1,18.9,-28.6,64,0
24,8.75,43.6,73.8,31.2,-0.4,18,0
23,6.25,31.1,69.3,24.4,-8.6,74,0
22,6.25,35.8,75.5,17.6,-5.0,91,0
21,6.25,43.6,51.2,23.9,0.4,0,0
20,8.12,33.5,75.0,33.4,16.7,46,0
19,5.0,52.8,68.9,23.3,3.0,64,0
18,6.25,37.1,74.0,13.6,-4.0,92,0
17,6.25,38.2,64.1,21.9,-16.2,0,0
16,6.25,41.1,78.7,22.4,-30.6,47,0
15,7.5,42.1,77.9,23.0,7.9,0,0
14,8.75,43.4,78.4,28.4,-8.0,50,1
13,3.75,44.1,74.0,15.7,-10.8,65,1
12,5.0,44.0,70.4,20.1,-4.8,65,0
11,5.62,29.9,82.9,22.4,-18.8,0,0
10,6.25,32.0,76.0,15.9,-3.7,71,0
9,6.25,39.2,82.9,28.5,-7.0,109,1
8,6.25,43.8,75.8,15.3,-5.3,63,0
7,7.5,45.8,66.6,13.8,-4.0,0,0
6,7.5,46.6,64.0,16.9,18.9,57,0
5,7.5,58.8,69.4,7.8,-9.5,84,0
4,6.25,25.8,57.4,29.3,26.7,0,0
3,6.25,30.1,70.7,18.1,-6.6,46,0
2,8.75,49.1,82.8,25.6,-35.6,86,1
1,6.25,35.8,72.5,20.6,10.6,53,0
33,2.14,12.7,12.7,16.2,18.8,0,0
32,2.14,16.3,14.2,13.2,2.5,0,0
31,2.86,13.0,11.4,8.6,8.8,0,0
30,2.86,8.6,11.5,10.1,-7.5,0,0
29,3.57,7.3,12.4,13.6,10.8,0,0
28,3.57,20.7,25.8,22.2,-14.0,3,0
27,5.0,23.0,27.9,15.9,4.8,3,0
26,5.0,24.0,24.5,22.7,-35.5,15,0
25,4.29,13.0,16.4,14.7,-17.8,0,0
24,2.86,18.6,27.9,18.6,-8.2,0,0
23,2.86,19.6,31.2,15.7,22.5,14,0
22,2.86,24.3,35.6,23.0,-27.2,0,0
21,3.57,10.0,38.2,35.6,-6.5,1,0
20,3.57,13.1,28.6,21.9,3.2,0,0
19,3.57,15.4,41.8,35.7,6.8,15,0
18,4.29,14.4,36.8,35.4,-23.5,0,0
17,5.0,11.6,34.6,26.9,18.2,0,0
16,5.0,22.6,27.4,12.3,4.8,3,0
15,5.71,20.7,36.7,27.8,8.0,15,0
14,4.29,35.7,58.9,28.4,17.4,35,0
13,6.43,12.7,41.5,39.2,-37.5,0,0
12,6.43,13.4,43.1,32.9,-25.0,21,0
11,3.57,21.7,35.8,33.8,-21.0,0,0
10,5.0,16.0,40.4,21.6,0.8,0,0
9,5.0,17.4,70.1,39.6,7.5,35,1
8,5.71,13.0,45.4,29.3,37.7,2,0
7,7.14,18.7,47.9,30.4,14.2,31,0
6,7.14,20.7,42.6,22.2,-14.8,0,0
5,6.43,22.3,76.8,24.6,7.6,40,0
4,6.43,23.9,72.6,37.7,2.3,42,1
3,7.14,18.0,38.6,13.1,-7.6,0,0
2,10.0,16.9,108.9,28.6,27.0,68,1
1,10.0,10.7,108.5,28.5,17.9,62,1
104,0.0,15.8,15.8,12.1,3.5,0,0
103,1.25,14.8,14.8,12.8,2.0,15,0
102,1.25,21.5,33.0,25.9,15.0,9,0
101,3.75,20.8,21.1,13.0,1.2,27,0
100,1.25,23.6,24.6,15.9,20.2,17,0
99,1.25,28.5,28.6,14.1,9.2,19,0
98,2.5,18.0,20.5,12.5,4.0,0,0
97,3.75,47.1,47.8,8.7,-7.5,39,0
96,6.25,39.0,42.1,14.1,-13.8,30,0
95,3.75,28.5,47.1,33.2,-0.2,75,0
94,5.0,25.6,39.9,30.6,14.2,45,0
93,1.25,30.0,38.0,18.5,-6.0,45,0
92,3.75,36.9,47.1,15.9,-1.2,56,0
91,1.88,31.2,44.1,25.4,-23.2,55,0
90,2.5,30.9,34.9,12.6,-7.2,60,0
89,3.75,24.1,35.9,28.8,-20.2,29,0
88,3.75,26.8,35.8,20.8,-10.0,0,0
87,3.75,27.2,34.2,17.0,2.0,37,0
86,3.75,36.1,48.5,28.6,-16.5,0,0
85,5.0,26.2,33.8,18.1,14.0,23,0
84,5.0,26.9,40.6,28.9,-3.8,20,0
83,5.0,27.0,43.5,37.2,-18.0,25,0
82,6.25,24.8,28.9,20.3,10.8,28,0
81,1.88,23.8,47.6,34.1,12.2,40,0
80,3.12,22.6,33.5,21.4,26.0,57,0
79,3.75,27.8,44.1,27.0,-22.2,20,0
78,3.75,28.8,43.9,20.5,-27.2,0,0
77,5.0,16.1,30.9,25.7,-7.2,38,0
76,5.0,21.2,45.2,34.0,19.0,15,0
75,5.62,26.4,47.6,27.1,-4.2,0,0
74,6.25,37.4,41.6,20.8,19.8,69,0
73,2.5,15.2,43.4,42.6,36.2,16,0
72,2.5,21.1,44.1,32.2,-46.2,0,0
71,2.5,35.6,40.8,18.8,3.0,18,0
70,3.75,20.8,44.5,31.6,12.5,36,0
69,3.75,25.2,41.4,18.3,8.8,7,0
68,3.75,29.4,39.6,26.7,36.2,37,0
67,4.38,27.4,41.9,20.6,-22.2,0,0
66,6.25,28.5,56.6,31.9,-11.2,61,0
65,6.25,32.1,56.2,30.4,7.0,64,0
64,7.5,24.2,32.8,18.8,18.0,21,0
63,1.88,26.6,39.1,21.3,9.2,21,0
62,2.5,27.9,39.8,20.9,-11.0,46,0
61,2.5,32.9,48.2,17.5,-18.0,20,0
60,3.75,16.4,38.0,30.2,-7.0,0,0
59,3.75,26.9,47.9,26.7,25.8,53,0
58,3.75,30.9,43.9,31.8,3.2,48,0
57,5.0,23.9,47.7,24.5,12.5,0,0
56,5.0,29.4,52.2,27.4,-29.0,55,0
55,5.0,32.4,52.4,21.9,-9.2,60,0
54,6.25,30.1,48.1,18.8,16.8,40,0
53,6.25,41.5,58.6,26.7,-34.8,48,0
52,7.5,28.0,46.0,28.7,-20.5,37,0
51,2.5,26.4,48.1,31.4,45.2,61,0
50,3.75,26.0,39.4,25.0,-13.8,0,0
49,3.75,26.8,60.4,32.3,-19.2,30,0
48,3.75,31.6,53.8,27.5,-33.0,43,0
47,3.75,34.0,54.0,20.9,-12.0,0,0
46,5.0,29.6,52.1,22.4,14.8,42,0
45,7.5,31.1,57.1,32.8,-17.8,66,0
44,8.75,18.6,42.2,32.5,-21.0,1,0
43,2.5,30.2,57.6,20.9,3.2,25,0
42,3.75,19.6,58.6,34.4,6.8,37,0
41,3.75,27.9,63.8,30.8,-9.5,73,0
40,3.75,32.6,54.1,28.9,-19.8,61,0
39,3.75,34.4,63.9,24.9,16.2,26,0
38,5.0,23.8,53.9,29.6,-15.0,62,0
37,5.0,26.0,59.1,38.3,-12.2,0,0
36,5.0,34.8,57.5,27.5,9.5,64,0
35,5.0,37.4,51.4,14.6,-7.2,62,0
34,6.25,34.6,51.8,27.8,1.2,79,0
33,2.5,27.5,57.3,24.1,-21.5,70,0
32,2.5,31.4,59.0,11.8,11.0,10,0
31,3.75,13.1,52.3,24.6,-7.8,0,1
30,4.38,27.1,76.6,38.0,-22.2,80,0
29,7.5,31.2,58.8,23.2,-32.5,68,0
28,3.75,24.1,45.8,28.7,32.9,0,0
27,5.0,28.6,54.9,18.0,10.8,69,0
26,5.0,33.8,60.9,26.9,-33.0,69,0
25,2.5,32.9,58.3,25.3,-14.6,69,0
24,3.75,20.6,63.4,26.9,-15.4,80,0
23,3.75,32.2,71.4,29.8,-8.2,65,0
22,4.38,28.1,54.6,25.7,1.9,80,0
21,5.0,29.5,62.7,21.1,-6.5,54,0
20,6.25,20.5,45.9,20.1,-11.5,68,0
19,6.25,25.2,51.6,29.6,-10.2,59,0
18,6.25,35.8,45.6,22.7,-6.2,47,0
17,1.25,43.2,55.9,19.4,-16.8,55,0
16,2.5,18.8,54.6,23.3,-17.5,87,0
15,5.0,20.4,61.6,19.6,15.1,70,1
14,5.0,39.8,81.3,31.0,-3.0,98,1
13,6.25,26.9,63.6,26.0,-19.2,44,0
12,6.25,27.8,57.7,28.8,14.6,91,0
11,6.25,33.0,62.9,22.4,6.2,57,0
10,7.5,30.9,56.8,14.6,-6.6,77,0
9,7.5,36.5,60.0,27.6,-26.6,71,0
8,8.75,25.0,63.0,26.1,2.4,72,0
7,8.75,30.9,58.4,26.8,-3.2,51,0
6,3.75,23.8,53.5,25.5,4.7,54,1
5,7.5,27.6,57.0,22.9,13.6,75,0
4,7.5,24.1,65.1,18.3,-1.0,87,1
3,8.75,21.6,69.2,36.2,-22.4,102,0
2,6.25,27.2,61.0,27.4,-26.4,99,0
1,8.75,24.0,74.2,28.8,-24.2,101,1
63,1.25,14.9,14.9,9.6,8.2,2,0
62,2.5,11.6,11.6,9.4,-1.2,15,0
61,3.12,16.6,22.6,18.4,10.8,2,0
60,0.62,19.8,21.4,14.3,6.2,0,0
59,3.75,21.9,24.0,12.2,14.5,33,0
58,3.75,11.2,32.6,28.2,4.2,3,0
57,3.75,22.8,29.4,13.7,3.8,2,0
56,3.75,22.8,33.2,20.6,3.5,0,0
55,1.25,14.9,23.8,22.7,-2.5,52,0
54,2.5,13.1,26.2,25.9,-24.5,19,0
53,0.62,28.8,38.2,24.3,0.0,0,0
52,1.25,11.2,28.0,31.0,5.5,54,0
51,2.5,29.8,36.4,15.5,-15.8,49,0
50,3.75,17.9,40.9,27.0,-6.2,21,0
49,5.0,23.1,41.6,26.2,-11.2,54,0
48,5.0,25.6,37.8,23.8,20.0,57,0
47,5.0,27.0,38.1,15.6,16.2,0,0
46,1.25,18.2,31.3,25.8,-5.7,50,0
45,1.25,23.2,38.2,33.8,-4.5,0,0
44,2.5,19.5,35.2,25.7,9.5,0,0
43,3.12,22.9,45.9,29.0,-28.2,0,0
42,5.0,24.1,37.8,23.3,-11.0,65,0
41,5.62,21.2,31.0,22.5,-34.5,28,0
40,7.5,24.1,36.9,21.9,19.2,2,0
39,7.5,30.9,39.8,19.5,-19.0,35,0
38,2.5,26.1,35.3,20.9,0.6,81,0
37,3.75,20.8,29.6,21.0,14.2,0,0
36,3.75,32.1,51.3,28.9,13.2,78,0
35,5.0,19.4,42.9,36.7,-23.8,47,0
34,5.0,22.5,58.0,38.9,-4.0,12,0
33,3.75,29.8,41.1,15.7,4.8,0,0
32,4.38,26.8,39.0,21.8,6.0,66,0
31,3.75,15.8,50.2,33.5,13.5,54,0
30,6.25,21.5,49.6,30.1,-20.0,0,0
29,6.88,19.2,35.8,25.3,19.4,64,0
28,6.88,20.5,46.2,25.7,31.4,74,0
27,7.5,23.9,44.8,24.3,-23.0,73,0
26,4.38,21.6,50.2,34.0,4.9,74,0
25,5.0,29.5,55.4,28.5,17.2,57,0
24,6.88,20.5,68.1,36.7,-68.8,61,0
23,7.5,16.2,46.3,27.3,-40.4,37,0
22,5.0,18.5,57.2,23.9,-5.5,103,0
21,5.0,19.5,52.6,29.0,-5.3,83,0
20,5.0,30.9,50.6,19.4,-8.0,39,0
19,6.25,14.5,60.5,29.6,-15.1,0,0
18,7.5,25.0,55.0,18.5,9.0,84,0
17,7.5,26.4,48.7,27.0,-18.1,89,0
16,5.0,41.1,53.1,16.5,-14.6,0,0
15,6.25,22.0,54.5,34.8,15.5,70,0
14,6.25,27.4,38.7,17.8,-2.0,46,0
13,6.25,29.1,47.4,21.6,-16.4,70,0
12,5.0,24.9,48.4,26.8,-0.4,0,0
11,7.5,23.6,71.7,29.2,-28.0,43,0
10,8.12,28.9,45.0,21.6,-14.0,1,0
9,5.0,25.4,55.1,22.4,-5.7,79,0
8,5.62,12.4,64.9,32.2,-1.0,96,1
7,7.5,25.1,57.1,25.5,-19.6,101,1
6,7.5,17.5,54.7,17.0,-13.4,79,0
5,8.75,26.0,54.5,21.4,-7.8,61,0
4,5.0,17.2,65.4,28.9,-2.3,79,1
3,8.75,24.0,66.9,20.7,-7.4,90,0
2,8.75,27.6,60.6,18.5,-4.7,79,1
1,10.0,14.8,66.3,20.7,-21.1,85,1
115,0.0,34.2,34.2,17.5,1.6,50,0
114,0.5,37.3,37.3,13.5,9.4,28,0
113,1.0,31.6,34.1,21.5,-6.6,27,0
112,2.0,24.8,34.8,31.1,1.6,20,0
111,4.0,35.2,38.2,15.4,16.8,0,0
110,1.0,22.3,31.9,27.4,14.2,0,0
109,2.5,33.1,45.5,31.9,15.4,39,0
108,2.5,38.8,45.9,20.8,-9.0,28,0
107,3.0,21.7,41.0,28.1,20.4,27,0
105,2.0,35.1,45.9,25.7,3.0,0,0
104,2.5,31.6,41.5,25.4,-7.0,32,0
103,1.0,35.3,50.1,25.4,1.8,34,0
102,2.0,27.3,48.5,22.9,-34.2,0,0
101,2.5,32.7,44.1,25.6,-18.2,35,0
100,3.0,24.5,35.5,28.2,13.4,0,0
99,3.0,24.6,28.5,14.9,7.0,0,0
98,3.0,39.7,44.6,14.8,-2.8,27,0
97,3.5,32.1,39.8,24.0,-2.4,15,0
96,4.5,26.9,40.7,25.2,-24.6,4,0
95,4.5,31.3,42.3,21.6,17.0,27,0
94,2.0,27.7,37.4,28.0,8.0,10,0
93,2.0,33.2,45.0,24.6,4.0,3,0
92,2.0,35.0,56.1,41.4,-23.0,58,0
91,4.0,28.7,42.2,23.1,31.2,39,0
90,4.0,32.4,37.5,18.5,11.0,2,0
89,5.0,35.7,49.0,25.2,-10.0,15,0
88,5.0,37.5,45.6,18.3,-23.6,35,0
87,2.0,36.4,46.0,23.7,14.0,0,0
86,3.0,23.6,40.0,33.4,-12.0,0,0
85,3.0,41.5,52.7,26.1,12.6,31,0
84,4.0,25.7,41.9,27.0,-3.4,26,0
83,4.0,31.9,50.1,20.7,-3.8,17,0
82,6.0,36.7,59.6,32.8,28.8,51,0
81,6.0,39.2,51.9,24.5,9.8,32,0
80,2.0,35.5,54.0,33.5,8.0,49,0
79,4.0,42.8,52.6,24.9,8.0,0,0
78,4.5,29.9,53.3,26.5,-1.4,53,0
77,4.5,38.6,57.6,22.2,-10.0,3,0
76,5.0,24.4,44.1,34.1,-33.8,25,0
75,5.5,36.0,47.2,22.5,32.0,0,0
74,3.0,23.4,34.8,22.2,-7.2,15,0
73,4.0,31.4,52.6,35.2,14.0,5,0
72,4.0,34.6,61.3,32.2,-28.2,22,0
71,4.0,35.2,53.6,42.0,5.2,20,0
70,4.0,37.0,61.0,37.0,-34.0,54,0
69,5.0,26.0,43.4,15.4,-17.3,16,0
68,5.5,31.4,50.9,30.9,29.4,32,0
67,5.5,41.7,60.5,34.8,13.0,47,0
66,6.0,29.4,54.9,35.6,9.0,0,0
65,4.0,42.3,64.4,32.3,-20.6,0,0
64,5.0,26.5,58.2,42.0,-8.8,28,0
63,5.0,34.5,53.9,32.2,11.0,22,0
62,5.5,43.3,56.0,22.9,8.8,51,0
61,6.0,37.8,56.4,32.5,-29.6,37,0
60,6.0,42.5,57.8,22.9,-36.0,25,0
59,4.0,30.1,63.6,32.6,-35.6,0,0
58,4.0,56.5,62.7,14.5,-7.0,74,0
57,5.0,22.0,47.6,37.8,-22.8,38,0
56,5.0,27.2,59.8,43.1,-24.8,0,0
55,5.0,32.1,53.7,25.1,-9.4,15,0
54,5.0,41.1,76.1,28.9,16.8,57,0
53,6.0,31.3,55.4,23.9,-6.0,39,0
52,6.0,33.3,53.9,35.4,-5.0,24,0
51,6.0,34.1,71.6,36.7,-33.6,48,0
50,7.0,37.2,66.2,30.7,-38.0,26,0
49,5.0,22.6,62.5,33.1,-11.4,0,0
48,5.0,22.7,36.6,20.0,18.8,19,0
47,5.0,30.7,50.8,32.1,-28.4,48,0
46,5.5,29.4,52.9,30.2,11.0,20,0
45,7.0,21.6,45.2,26.3,-11.0,49,0
44,7.0,31.8,59.0,34.5,9.2,32,0
43,7.0,32.7,65.5,35.3,16.2,53,0
42,7.5,43.7,58.8,28.9,18.0,64,0
41,3.5,30.4,64.1,36.7,1.0,30,0
40,4.0,29.4,68.9,36.4,-9.7,41,0
39,5.0,31.0,58.3,29.2,7.0,0,0
38,5.0,42.0,80.8,29.1,-13.2,73,0
37,5.0,43.3,68.5,22.8,5.8,53,0
36,5.0,44.6,62.3,25.1,29.4,44,0
35,5.5,41.0,63.4,25.3,8.0,0,0
34,5.5,44.1,80.8,36.5,-50.4,62,0
33,6.0,29.6,51.2,21.7,0.8,24,0
32,6.0,33.5,63.6,31.5,-20.0,68,0
31,7.0,38.2,75.1,26.3,15.0,59,0
29,5.5,27.1,68.5,37.3,-23.0,23,0
28,6.0,40.8,66.0,27.7,-12.0,58,0
27,7.0,42.2,73.4,32.4,-11.8,67,0
26,7.5,34.9,65.7,32.2,11.6,57,0
25,5.0,36.2,78.6,35.4,-11.3,63,0
24,5.5,40.5,67.3,30.9,-11.2,80,0
23,6.0,26.2,77.4,48.3,-8.1,66,0
22,6.0,36.7,70.8,29.1,-3.6,42,0
21,6.0,45.6,81.2,41.2,14.7,59,0
20,7.5,36.1,60.7,24.8,-35.0,31,0
19,8.0,36.8,75.2,26.3,-2.5,39,0
18,5.0,36.7,83.4,29.6,-6.4,34,0
17,6.0,36.0,75.5,34.8,-23.4,50,0
16,7.0,32.9,75.4,35.5,-1.8,72,0
15,8.0,39.9,79.1,22.5,-15.2,80,1
14,6.0,37.9,78.9,16.3,6.1,0,0
13,6.5,35.7,74.2,29.3,-1.7,69,0
12,6.5,38.3,91.1,23.6,-6.7,66,0
11,10.0,17.9,96.6,30.6,-26.4,57,1
10,7.0,33.2,91.9,27.5,4.5,82,1
9,6.0,31.8,91.9,30.3,-2.0,52,0
8,8.0,36.2,84.5,24.2,13.7,64,0
7,9.0,42.5,87.5,28.1,-17.7,63,0
6,8.0,28.0,86.3,38.6,-2.2,0,0
5,8.0,40.0,80.2,22.2,-19.1,78,0
4,8.0,26.9,88.4,34.0,8.0,0,0
3,8.0,28.6,99.2,30.7,-2.6,96,1
2,9.0,37.0,79.6,23.3,2.5,69,1
1,9.0,36.5,78.9,19.0,-2.6,0,0
48,3.75,27.2,27.2,12.2,-5.5,0,0
47,0.62,19.1,20.4,12.7,-1.8,0,0
46,1.25,34.8,37.4,17.3,-8.8,0,0
45,3.75,33.2,37.4,10.9,-3.8,0,0
44,2.5,22.5,32.6,20.5,-0.8,0,0
43,3.12,17.1,38.2,30.8,-15.0,0,0
42,3.12,20.8,29.6,26.0,-21.8,0,0
41,3.12,27.1,30.4,14.6,13.4,0,0
40,6.25,36.1,40.2,14.7,-12.5,0,0
39,5.0,33.0,43.1,22.6,-12.8,0,0
38,5.62,32.2,34.2,17.1,1.0,0,0
37,6.25,37.2,50.1,21.6,19.2,0,0
36,3.75,23.9,32.1,24.4,-0.2,0,0
35,3.75,24.4,38.4,25.0,-21.2,0,0
34,5.0,21.1,36.7,25.9,5.2,0,0
33,5.0,23.9,36.2,28.5,30.1,0,0
32,3.75,30.9,37.5,19.6,15.0,0,0
31,5.62,38.2,44.6,18.0,4.1,0,0
30,2.5,20.4,39.4,32.6,13.0,0,0
29,3.75,24.5,38.8,24.0,23.9,0,0
28,3.75,30.8,40.8,25.3,4.5,0,0
27,4.38,28.9,36.2,14.5,9.0,0,0
26,5.0,28.8,47.2,21.3,-1.5,0,0
25,4.38,31.2,50.4,22.4,-37.0,0,0
24,5.0,29.2,46.4,21.0,12.4,0,0
23,5.62,21.9,43.3,27.4,-23.8,0,0
22,6.25,33.9,46.6,16.2,-20.6,0,0
21,3.75,25.6,42.2,23.2,0.8,0,0
20,5.0,25.8,49.4,26.1,-10.5,0,0
19,5.0,33.4,43.3,16.4,-3.5,0,0
18,6.88,27.4,49.1,27.9,38.9,0,0
17,3.12,27.0,40.1,15.7,-13.8,0,0
16,3.75,34.4,45.9,18.3,-9.6,0,0
15,4.38,28.0,48.8,26.1,17.6,0,0
14,5.0,27.2,53.1,21.1,-2.9,0,1
13,6.25,26.6,46.4,27.1,0.8,0,0
12,6.25,36.4,50.0,23.1,-19.6,0,0
11,8.75,31.0,57.5,25.4,3.8,0,0
10,3.75,28.5,49.8,20.9,-16.2,0,0
9,6.25,21.4,54.6,22.4,-4.4,0,1
8,8.12,36.9,61.2,16.5,10.8,0,0
7,3.12,31.4,59.0,14.4,4.4,0,0
6,6.25,17.1,59.2,27.5,-6.6,0,0
5,6.25,19.0,57.0,24.2,-17.7,0,1
4,9.38,24.8,54.2,22.1,-6.0,0,0
3,10.0,35.0,63.0,21.8,-26.8,0,0
2,8.12,22.6,63.1,26.4,-22.4,0,1
1,8.75,15.8,67.0,18.4,-12.8,0,0
35,0.83,21.8,21.8,16.7,-9.0,0,0
34,2.5,32.8,28.1,15.3,-19.0,0,0
33,5.0,21.3,20.8,18.5,4.5,0,0
32,5.0,28.2,24.4,19.9,-16.2,23,0
31,1.67,25.5,21.9,12.5,-1.4,0,0
30,3.33,23.0,22.7,22.8,-26.2,13,0
29,1.67,25.8,43.0,22.6,-31.3,0,0
28,1.67,37.0,39.3,22.9,-18.2,0,0
27,2.5,20.3,42.0,34.2,54.0,0,0
26,2.5,28.0,39.4,25.6,-2.2,5,0
25,4.17,21.7,25.7,24.2,-27.3,0,0
24,5.0,26.5,29.0,17.9,-25.1,14,0
23,1.67,23.7,25.7,17.0,1.8,16,0
22,3.33,30.0,54.6,37.3,-53.2,0,0
21,4.17,25.3,27.1,20.5,7.2,0,0
20,5.0,22.5,43.7,34.9,-16.2,44,0
19,6.67,23.0,32.9,26.3,-36.4,0,0
18,6.67,29.5,49.2,39.0,-53.5,70,0
17,8.33,21.7,34.3,32.8,-4.8,0,0
16,8.33,20.3,53.6,37.9,-71.9,63,0
15,4.17,36.0,49.0,26.1,-11.1,50,0
14,6.67,24.0,49.7,34.7,-1.7,0,0
13,1.67,28.0,52.6,26.8,-0.2,32,0
12,3.33,20.7,62.7,41.4,24.0,0,0
11,5.0,26.7,42.7,28.6,8.2,0,0
10,8.33,22.3,61.9,38.4,-6.1,0,0
9,8.33,34.7,42.4,19.5,-11.5,45,0
8,10.0,24.8,42.4,29.5,-2.2,56,0
7,4.17,24.8,52.7,35.0,-12.8,0,0
6,5.0,25.8,66.9,38.3,15.5,0,0
5,6.67,24.3,45.4,30.5,-23.8,15,0
4,8.33,19.0,54.7,34.4,-24.4,79,1
3,6.67,28.3,65.9,35.7,-9.0,62,1
2,6.67,30.0,62.0,33.3,19.8,36,1
1,8.33,21.2,48.4,29.2,4.2,6,1
35,0.0,15.5,22.7,10.0,7.3,0,0
34,1.67,18.7,18.7,11.4,-14.0,4,0
33,1.67,19.3,25.3,21.6,8.7,32,0
32,1.67,32.8,38.5,20.5,21.0,37,0
31,3.33,24.8,43.3,20.3,6.0,64,0
30,4.17,21.7,45.8,36.6,-19.7,0,0
29,6.67,26.5,40.3,24.8,-28.0,0,0
28,1.67,22.3,38.2,26.6,23.7,84,0
27,2.5,31.2,35.2,16.7,-31.0,0,0
26,3.33,30.3,41.7,22.6,-16.0,0,0
25,3.33,33.2,37.2,17.6,10.3,53,0
24,3.33,37.3,43.7,20.5,-2.0,0,0
23,6.67,21.2,43.2,29.5,39.7,43,0
22,6.67,19.8,45.6,33.4,-55.6,0,0
21,4.17,19.0,46.2,27.0,19.7,21,0
20,5.0,23.0,46.5,28.5,-7.0,0,0
19,2.5,32.8,70.2,19.4,-33.0,0,0
18,3.33,25.7,30.0,16.6,3.3,0,0
17,5.0,29.0,39.3,16.2,16.7,0,0
16,5.0,32.2,47.9,25.9,-34.7,47,0
15,6.67,26.7,48.0,31.8,-1.3,0,0
14,3.33,37.3,49.0,19.9,-28.0,24,0
13,6.67,20.3,45.3,20.0,21.3,30,0
12,6.67,34.0,46.5,20.3,-21.7,0,0
11,5.0,22.8,58.3,33.0,2.7,34,0
10,6.67,29.2,59.7,20.8,14.0,0,0
9,6.67,30.8,57.2,21.8,12.3,41,0
8,8.33,31.7,68.2,25.8,32.3,71,0
7,8.33,23.0,63.8,12.9,5.0,0,0
6,1.67,27.0,64.0,16.3,21.3,0,0
5,6.67,28.2,67.7,27.5,-9.3,68,0
4,8.33,21.5,74.2,20.9,0.3,51,1
3,6.67,24.5,70.8,24.1,-14.3,45,1
2,6.67,19.5,74.5,24.2,-25.7,66,1
1,6.67,26.0,64.0,16.9,0.7,0,1
50,1.67,37.3,37.3,15.2,-15.3,0,0
49,2.5,24.2,27.9,21.1,21.9,0,0
48,2.5,28.5,42.2,32.3,-32.3,17,0
47,2.5,29.7,33.3,23.7,-21.3,21,0
46,3.33,22.2,24.2,10.9,3.7,16,0
45,5.0,20.8,42.0,39.0,-42.7,3,0
44,5.83,27.7,39.3,9.7,-5.3,19,0
43,2.5,25.2,42.0,35.7,-20.7,9,0
42,2.5,38.0,47.5,9.9,-2.3,14,0
41,4.17,18.7,35.0,24.6,0.7,6,0
40,4.17,19.3,39.3,36.0,27.3,12,0
39,4.17,33.3,52.3,22.2,20.7,15,0
38,4.17,33.5,40.7,29.5,-17.3,21,0
37,5.0,29.0,45.2,23.6,25.0,3,0
36,5.83,20.7,31.8,15.7,17.7,0,0
35,5.83,30.0,32.3,22.2,-30.0,5,0
34,5.83,31.3,54.6,37.9,-49.8,29,0
33,6.67,19.8,46.0,37.7,-10.0,7,0
32,2.5,30.5,37.2,18.1,-17.7,0,0
31,3.33,29.5,56.7,36.4,-27.3,0,0
30,1.67,33.0,37.3,13.8,-11.3,0,0
29,2.5,27.7,41.3,19.1,13.9,0,0
28,3.33,25.2,33.1,18.9,-31.8,17,0
27,3.33,32.0,60.5,24.6,-6.6,30,1
26,4.17,20.8,26.3,10.7,2.8,0,0
25,4.17,25.2,41.6,30.5,6.8,25,0
24,5.0,25.3,49.1,26.9,30.0,12,0
23,5.0,27.3,37.6,20.9,-22.9,0,0
22,6.67,17.8,47.0,34.5,-11.7,3,0
21,8.33,28.3,48.4,24.6,-5.2,0,0
20,2.5,24.8,45.3,29.8,9.8,0,0
19,6.67,37.5,58.0,28.4,0.5,0,0
18,9.17,26.8,42.3,26.7,1.7,7,0
17,2.5,28.5,57.7,25.4,26.3,7,0
16,3.33,45.5,74.1,31.2,-21.2,20,0
15,5.0,17.2,64.3,47.0,-7.7,15,0
14,5.0,26.5,64.3,26.5,-27.8,30,0
13,5.0,28.0,59.7,26.8,-30.2,0,0
12,5.0,32.7,48.3,23.0,19.8,24,0
11,7.5,22.5,62.4,34.6,14.2,38,0
10,10.0,38.5,52.8,20.2,-2.0,35,0
9,10.0,32.7,72.0,32.5,-20.4,76,1
8,4.17,29.2,73.0,24.8,27.0,37,0
7,6.67,23.0,88.0,36.9,21.0,26,0
6,8.33,28.5,60.4,22.4,35.0,4,0
5,8.33,37.7,67.1,26.6,10.1,64,1
4,9.17,31.7,94.6,28.6,21.6,68,1
3,5.0,35.2,75.1,31.6,-3.2,61,0
2,3.33,21.2,108.9,30.8,-12.3,61,0
1,8.33,17.8,103.3,18.3,-15.0,74,1
52,3.33,21.7,21.7,9.5,3.3,0,0
51,4.17,17.0,17.0,10.6,-3.3,25,0
50,2.5,24.3,25.0,8.6,-14.0,1,0
49,3.33,21.7,26.0,9.6,-8.0,28,0
48,3.33,24.2,28.8,11.3,6.3,0,0
47,4.17,12.7,25.7,28.6,26.7,0,0
46,4.17,16.7,30.3,34.3,9.2,0,0
45,4.17,22.3,22.8,15.1,-13.0,26,0
44,5.83,15.2,16.7,8.8,-13.3,0,0
43,6.67,28.5,32.0,4.7,-8.7,28,0
42,2.5,21.7,25.2,10.6,-15.7,25,0
41,2.5,24.0,41.0,34.4,-25.1,0,0
40,3.33,12.3,16.9,9.1,9.8,0,0
39,4.17,18.2,19.3,14.4,-24.7,0,0
38,4.17,20.0,20.0,16.6,-18.1,0,0
37,4.17,21.2,39.3,25.6,-37.4,3,0
36,5.0,17.7,36.0,35.8,24.7,0,0
35,5.83,12.0,34.5,35.9,-41.7,0,0
34,6.67,17.7,33.5,36.9,43.7,0,0
33,6.67,25.3,43.0,30.3,-2.7,6,0
32,4.17,23.8,30.0,16.1,-16.3,20,0
31,1.67,16.7,24.8,12.3,-9.0,0,0
30,3.33,16.3,40.0,29.6,-45.3,20,0
29,3.33,18.7,23.0,14.3,14.0,16,0
28,3.33,19.3,32.3,15.8,14.7,0,0
27,3.33,22.2,47.3,27.4,-24.6,0,0
26,4.17,11.7,22.2,14.9,-5.7,0,0
25,5.0,16.8,47.2,38.0,30.5,25,0
24,5.0,18.3,38.1,35.7,-12.2,2,0
23,6.67,12.5,28.4,22.0,-1.6,25,0
22,7.5,19.3,32.0,29.0,-1.8,0,0
21,5.0,12.7,33.7,18.9,-28.5,0,0
20,5.0,19.0,44.7,41.9,36.2,26,0
19,5.0,21.7,27.2,11.6,5.5,2,0
18,6.67,18.3,43.4,30.9,38.7,0,0
17,6.67,24.7,33.1,17.2,15.2,22,0
16,6.67,33.5,54.6,35.6,-10.8,30,0
15,3.33,14.5,30.1,21.7,-8.8,0,0
14,4.17,18.8,39.0,16.5,-10.0,0,0
13,5.0,14.2,38.9,25.5,16.1,0,0
12,5.0,16.3,42.3,30.8,-19.3,0,0
11,6.67,31.3,38.3,21.5,-28.7,0,0
10,5.0,18.2,43.9,26.5,12.6,0,0
9,7.5,27.5,35.3,8.9,-11.2,0,0
8,5.0,19.8,90.9,32.4,-36.2,62,0
7,4.17,13.8,44.9,22.0,-7.0,3,0
6,5.83,22.7,74.1,29.3,7.8,46,0
5,5.83,27.3,70.9,24.5,-17.3,47,0
4,9.17,20.7,102.5,21.0,8.2,70,1
3,9.17,27.5,90.2,27.3,8.4,49,1
2,5.83,15.2,90.8,20.7,4.1,63,0
1,8.33,18.7,84.0,36.6,-22.2,33,0
51,4.5,20.2,22.3,18.5,13.4,0,0
50,2.5,14.7,25.7,25.8,-25.4,0,0
49,2.5,24.2,30.2,14.6,-0.8,25,0
48,3.0,6.9,14.0,15.5,3.6,0,0
47,3.0,13.3,21.3,17.5,11.8,0,0
46,3.5,14.6,21.3,18.0,-23.8,0,0
45,4.0,17.8,22.6,17.5,6.4,15,0
44,4.0,18.9,28.8,24.0,43.6,0,0
43,5.0,18.6,24.4,11.2,16.4,1,0
42,5.5,21.8,39.8,31.8,-4.8,4,0
41,6.0,22.9,29.4,19.2,-4.0,0,0
40,3.0,18.4,26.8,20.3,11.2,5,0
39,3.0,23.8,38.9,29.3,5.2,37,0
38,3.5,15.9,24.3,17.0,17.8,15,0
37,4.0,10.1,25.8,22.4,0.4,4,0
36,4.0,18.7,31.9,20.7,-8.5,20,0
35,4.0,24.8,36.1,19.4,-19.6,18,0
34,4.5,18.1,27.6,16.6,18.0,0,0
33,4.5,19.0,32.1,28.1,-14.6,0,0
32,4.5,20.6,41.9,34.6,5.3,3,0
31,5.5,17.6,38.2,30.7,-9.9,9,0
30,6.0,15.4,51.9,47.5,17.0,22,0
29,7.0,22.4,40.1,26.2,-2.2,4,0
28,3.0,17.2,28.6,20.3,-11.3,15,0
27,3.0,17.6,34.9,24.9,22.2,0,0
26,3.0,25.1,28.2,18.2,-18.0,19,0
25,4.5,13.9,31.5,23.7,-5.4,0,0
24,4.5,17.5,35.7,26.9,-4.2,0,0
23,4.5,18.3,29.6,22.6,-29.2,6,0
22,4.5,23.6,38.7,13.6,-8.2,6,0
21,4.5,23.9,46.2,38.5,-22.3,0,0
20,5.0,19.3,28.2,23.3,20.1,15,0
19,5.0,19.6,39.5,26.2,-21.6,20,0
18,5.5,16.1,34.6,22.7,1.5,6,0
17,6.5,15.9,40.9,38.3,7.2,22,0
16,8.0,19.1,29.8,24.5,-18.3,17,0
15,5.0,15.3,30.7,27.5,-12.6,2,0
14,6.5,20.0,43.0,30.0,-18.3,23,0
13,7.5,15.1,67.7,41.4,-30.6,51,0
12,7.5,22.1,32.4,11.8,9.5,18,0
11,4.5,24.2,42.6,16.7,7.2,30,0
10,6.5,26.3,46.3,24.5,-9.4,20,0
9,3.0,18.3,70.3,37.9,-2.9,74,0
8,3.5,19.4,44.5,23.1,13.0,1,0
7,4.0,28.5,67.4,32.0,9.2,18,0
6,6.0,22.9,69.9,39.1,18.5,45,0
5,6.5,23.8,49.0,21.1,-5.1,32,0
4,7.0,18.4,64.4,32.8,17.4,38,0
3,8.5,14.8,74.1,35.9,4.6,45,0
2,9.0,24.4,92.9,39.2,8.4,70,1
1,9.0,28.5,101.9,45.1,36.1,84,1
51,1.67,18.8,18.8,10.9,15.0,29,0
50,3.33,13.0,13.0,8.0,-6.0,1,0
49,5.83,15.0,15.0,6.2,6.7,6,0
48,2.5,13.8,18.1,13.9,2.0,0,0
47,2.5,15.0,16.5,9.3,9.0,21,0
46,2.5,24.3,31.7,19.4,11.3,0,0
45,3.33,19.0,19.5,5.8,1.7,15,0
44,3.33,22.2,23.0,8.4,0.7,30,0
43,3.33,25.0,28.3,13.8,-17.3,3,0
42,5.0,20.5,23.7,12.3,22.0,16,0
41,5.0,23.0,31.8,21.9,-24.3,2,0
40,2.5,19.0,31.8,20.3,-24.3,26,0
39,2.5,23.2,29.3,12.1,18.0,22,0
38,3.33,15.2,20.4,15.8,16.5,2,0
37,3.33,24.7,31.2,27.5,-24.3,2,0
36,4.17,18.2,29.3,15.7,-13.3,25,0
35,4.17,20.7,36.0,19.5,12.0,11,0
34,5.0,16.8,20.0,7.7,-7.6,18,0
33,5.83,16.0,21.5,14.6,-11.7,16,0
32,6.67,20.2,37.9,32.0,-31.8,27,0
31,7.5,18.5,37.7,32.6,37.3,25,0
30,2.5,26.8,35.5,15.9,3.0,34,0
29,2.5,27.7,47.8,27.5,8.4,43,1
28,2.5,29.7,36.9,11.0,-1.5,5,0
27,4.17,15.0,27.6,11.5,8.2,18,1
26,4.17,32.5,54.1,18.1,14.8,27,0
25,5.0,17.0,41.1,30.5,41.8,37,0
24,5.0,30.7,39.7,18.7,14.7,16,0
23,5.83,26.8,39.0,15.2,-15.8,23,0
22,6.67,22.7,35.3,15.2,-1.8,0,0
21,1.67,34.5,54.5,14.5,15.0,35,0
20,4.17,16.8,25.3,11.5,-11.2,20,0
19,4.17,28.5,67.8,32.1,27.5,50,0
18,5.0,21.0,37.9,17.4,-3.4,4,0
17,5.0,25.5,42.6,23.5,7.2,20,0
16,6.67,14.0,36.0,32.6,43.8,20,0
15,6.67,16.3,25.3,8.7,-11.2,15,0
14,6.67,20.5,31.9,10.1,8.5,27,0
13,6.67,30.5,44.9,18.8,-7.9,20,0
12,7.5,16.0,36.6,31.7,-24.1,16,0
11,4.17,21.7,34.6,19.2,-10.7,25,0
10,4.17,24.5,57.5,19.3,-22.5,15,0
9,5.0,27.5,41.1,21.3,-6.2,2,0
8,7.5,20.7,44.7,19.3,11.8,18,0
7,8.33,20.2,52.0,12.7,-21.5,25,0
6,8.33,20.5,64.3,23.6,-1.0,30,1
5,8.33,20.7,49.6,13.0,11.8,26,0
4,8.33,37.8,64.0,16.7,-3.5,42,0
3,9.17,27.5,48.1,13.5,10.8,25,0
2,6.67,20.7,49.2,19.2,5.6,2,1
1,7.5,15.5,82.5,17.7,-10.6,59,1
51,2.5,15.3,15.3,7.8,-14.0,1,0
50,2.5,18.3,18.3,10.2,12.0,19,0
49,3.33,19.7,19.7,6.2,6.0,3,0
48,2.5,17.2,23.7,11.2,4.0,0,0
47,2.5,18.3,28.5,25.3,31.7,0,0
46,3.33,11.8,12.7,12.6,-4.0,0,0
45,4.17,20.5,23.8,14.2,5.0,0,0
44,5.0,21.7,31.5,23.4,27.5,29,0
43,5.0,24.0,26.2,9.8,11.7,8,0
42,5.0,24.0,31.7,10.8,-10.0,0,0
41,6.67,28.8,30.0,13.4,-1.3,25,0
40,4.17,18.8,20.7,13.3,24.7,0,0
39,1.67,26.2,40.2,26.3,-11.7,17,0
38,2.5,10.8,27.0,21.8,9.3,0,0
37,3.33,13.3,21.7,15.4,-12.7,20,0
36,3.33,20.0,42.3,37.9,2.7,0,0
35,4.17,7.0,24.7,25.6,-26.8,0,0
34,4.17,14.7,31.5,27.2,8.3,0,0
33,4.17,18.5,33.8,33.0,47.0,0,0
32,4.17,20.7,32.5,24.7,-28.3,2,0
31,5.0,26.3,32.0,16.8,16.0,4,0
30,5.83,28.7,27.3,10.5,-10.6,0,0
29,7.5,23.8,43.9,25.8,24.2,0,0
28,1.67,21.0,30.6,20.9,-22.3,5,0
27,2.5,13.3,23.9,16.2,6.8,15,0
26,3.33,16.8,41.0,38.7,-22.2,1,0
25,3.33,18.5,26.9,13.5,-8.2,0,0
24,5.0,18.7,28.4,9.6,-6.8,25,0
23,4.17,28.0,33.8,14.8,-12.0,0,0
22,2.5,13.5,66.2,42.5,18.8,54,0
21,2.5,15.5,45.9,27.1,9.1,0,0
20,3.33,18.8,46.3,31.4,25.6,42,0
19,4.17,23.8,48.0,20.7,-11.1,19,0
18,5.0,26.8,42.4,13.8,10.1,9,0
17,5.83,12.8,30.0,19.2,-9.5,1,0
16,8.33,21.5,57.5,32.1,-3.5,9,0
15,5.83,24.8,58.6,36.6,15.0,76,1
14,6.67,13.0,36.6,22.7,-8.8,0,0
13,4.17,28.0,54.7,27.0,-1.1,14,0
12,5.0,15.5,46.1,31.6,4.9,21,0
11,5.0,22.5,39.3,12.5,-1.2,15,0
10,5.83,15.0,54.9,34.3,-38.2,16,0
9,5.83,23.3,59.1,38.1,27.2,48,0
8,6.67,5.8,52.1,38.1,-19.6,26,0
7,8.33,22.5,74.2,33.8,-24.4,69,0
6,9.17,17.5,53.1,31.4,14.8,38,0
5,3.33,26.0,52.9,14.9,-11.2,0,0
4,4.17,22.2,59.8,15.7,-23.0,0,0
3,4.17,25.2,71.3,35.4,-16.6,0,0
2,6.67,21.2,91.0,28.4,8.4,0,1
1,10.0,15.8,95.2,21.9,3.2,44,1
54,0.83,4.0,4.0,4.9,-2.7,0,0
53,1.67,7.0,10.2,7.1,0.3,22,0
52,1.67,20.3,20.3,10.1,-6.7,21,0
51,1.67,18.7,18.7,11.4,15.3,0,0
50,1.67,9.2,10.5,4.0,4.3,0,0
49,1.67,18.8,35.2,33.6,-33.0,30,0
48,2.5,26.8,28.8,12.6,-19.7,20,0
47,4.17,7.0,11.3,11.4,9.3,1,0
46,3.33,13.8,33.0,35.5,-10.5,31,0
45,3.33,15.7,17.7,14.3,12.7,2,0
44,0.83,10.2,21.5,27.7,-30.3,15,0
43,1.67,17.7,26.6,24.8,-17.7,20,0
42,2.5,22.3,31.8,20.6,6.3,45,0
41,3.33,12.7,36.0,40.8,-66.0,0,0
40,4.17,13.8,19.7,13.6,-12.7,1,0
39,4.17,15.7,34.4,30.9,21.8,7,0
38,4.17,17.2,22.7,14.5,-26.7,29,0
37,5.0,18.0,46.8,38.8,19.0,26,0
36,5.83,23.5,30.0,15.2,12.0,22,0
35,1.67,21.2,36.7,25.8,-4.0,47,0
34,2.5,15.5,40.2,31.8,11.0,18,0
33,3.33,29.2,50.0,20.8,-8.7,30,0
32,5.0,9.2,36.8,32.7,9.0,20,0
31,5.0,13.3,36.2,29.8,-23.0,2,0
30,5.0,20.8,47.5,34.1,7.0,19,0
29,5.0,25.3,51.4,29.1,-7.4,8,0
28,5.83,17.8,54.5,36.7,-8.3,35,0
27,5.83,26.3,42.6,25.4,17.9,16,0
26,6.67,14.7,22.0,18.3,2.3,48,0
25,6.67,17.8,35.1,24.9,-10.8,24,0
24,8.33,15.0,40.4,25.0,-1.6,22,0
23,2.5,21.8,45.4,28.6,-30.8,38,0
22,5.0,21.7,47.6,22.8,3.3,0,0
21,5.0,23.7,43.6,20.0,-0.8,31,0
20,8.33,18.0,39.9,35.0,-21.8,15,0
19,3.33,20.2,49.3,25.3,-8.2,23,1
18,5.0,17.7,29.1,16.9,1.4,42,0
17,5.0,18.8,49.9,27.6,-3.2,67,0
16,6.67,15.7,51.7,32.6,-7.8,80,1
15,4.17,17.0,45.9,27.8,-12.5,41,0
14,5.83,11.8,49.5,37.1,-25.0,15,0
13,8.33,26.2,70.2,42.0,23.5,48,0
12,5.0,21.8,47.6,28.4,2.2,0,0
11,5.83,26.8,62.8,37.6,-14.4,40,0
10,6.67,8.7,59.0,38.0,11.7,55,0
9,7.5,16.0,77.8,43.6,-11.0,80,0
8,8.33,17.0,65.6,27.7,-13.6,0,0
7,9.17,14.2,65.6,23.0,-3.2,14,0
6,8.33,10.5,80.8,38.2,2.8,65,0
5,8.33,15.7,66.2,29.4,-6.0,64,0
4,8.33,22.7,53.2,30.7,-16.7,79,1
3,8.33,18.7,67.9,23.0,-2.0,82,1
2,9.17,20.3,64.0,33.9,-29.5,69,0
1,10.0,14.0,70.3,15.2,-9.0,69,1
65,2.78,14.3,16.0,10.3,10.0,20,0
64,3.33,22.1,33.1,22.4,-3.8,17,0
63,3.33,25.3,26.5,19.5,-3.2,6,0
62,4.44,30.9,30.1,17.5,5.3,15,0
61,3.33,20.0,33.9,28.8,-13.0,25,0
60,3.33,24.4,30.7,20.9,-12.2,26,0
59,3.33,26.0,31.2,27.3,17.6,25,0
58,5.0,19.8,37.5,32.9,-1.8,2,0
57,5.0,31.4,36.9,18.5,5.0,2,0
56,5.56,21.0,26.5,15.5,16.6,17,0
55,5.56,21.8,37.9,38.7,-2.6,15,0
54,3.33,26.0,35.8,26.3,-30.0,16,0
53,1.11,20.6,39.3,33.4,-22.6,25,0
52,1.67,20.1,36.9,34.5,46.2,36,0
51,2.22,25.2,36.9,33.9,-31.4,75,0
50,2.78,18.7,32.6,28.0,-12.0,17,0
49,2.78,22.0,29.4,17.7,-19.6,7,0
48,2.78,35.0,40.4,23.9,15.0,15,0
47,3.89,16.8,35.6,33.4,2.4,21,0
46,3.89,17.9,23.6,21.7,-20.4,4,0
45,3.89,21.0,26.1,14.8,-5.8,15,0
44,4.44,21.0,30.1,22.9,-21.8,0,0
43,5.0,16.9,37.3,39.9,-16.2,48,0
42,6.11,31.7,42.5,27.6,16.6,2,0
41,2.22,26.7,34.5,20.9,-5.8,13,0
40,2.78,40.9,58.6,27.4,-12.0,62,0
39,3.33,24.2,43.6,26.2,4.8,4,0
38,3.89,20.9,45.8,35.8,-15.7,18,0
37,4.44,24.7,36.4,37.0,24.5,1,0
36,4.44,25.3,47.0,34.4,14.8,24,0
35,5.0,23.3,41.9,26.8,0.2,34,0
34,5.56,24.1,56.3,35.7,15.2,0,0
33,6.11,16.1,41.2,29.9,11.6,16,0
32,6.67,31.7,55.4,32.8,-26.0,69,0
31,3.33,23.0,53.7,31.4,20.6,37,0
30,3.33,24.9,45.1,31.4,-17.4,21,0
29,3.89,15.0,36.3,31.2,-12.7,5,0
28,5.56,15.9,48.1,40.6,1.6,66,0
27,5.56,25.7,38.4,29.9,-8.9,25,0
26,5.56,28.3,44.1,25.6,4.9,5,0
25,5.56,30.7,58.5,29.1,-25.8,45,0
24,6.11,21.8,42.5,31.7,-14.2,15,0
23,5.56,20.4,68.5,43.8,-17.3,93,1
22,5.56,21.3,66.1,39.9,-31.5,67,0
21,6.11,15.1,35.4,27.5,21.2,15,0
20,2.22,24.4,68.5,43.9,-29.2,46,0
19,4.44,21.9,67.5,44.4,3.4,60,1
18,5.56,19.3,54.6,35.6,25.4,15,0
17,7.78,21.0,56.2,36.0,9.3,49,0
16,5.56,23.6,58.7,30.1,8.7,71,0
15,5.0,23.7,63.8,33.1,-26.7,33,0
14,6.67,24.2,62.8,34.8,-23.8,84,0
13,6.67,34.4,71.4,32.1,-10.3,68,0
12,8.89,21.2,72.1,33.9,-0.8,73,0
11,8.89,25.3,64.0,30.4,-8.3,61,0
10,6.11,28.6,78.2,33.5,3.8,0,0
9,7.78,27.4,78.6,27.2,1.9,79,1
8,5.56,26.9,76.2,29.3,-30.2,60,0
7,8.89,24.3,71.2,40.4,14.0,38,1
6,7.22,16.9,67.1,41.9,3.9,67,0
5,7.78,24.4,69.8,20.7,11.3,65,0
4,7.78,25.7,65.5,26.9,8.2,0,0
3,6.67,26.3,59.9,23.0,15.4,0,0
2,7.22,20.2,76.0,49.0,28.4,53,1
1,8.89,22.6,75.7,25.6,-13.6,67,1
57,3.75,23.6,23.6,7.6,0.2,0,0
56,0.0,18.8,30.5,21.7,25.5,51,0
55,0.0,20.0,25.1,17.9,12.8,7,0
54,1.88,19.8,30.1,21.8,2.2,47,0
53,3.75,29.9,30.0,9.7,-4.5,4,0
52,3.12,25.6,40.6,22.6,-11.8,60,0
51,5.0,20.4,28.4,14.5,-5.8,68,0
50,5.0,20.8,34.9,22.4,-16.8,21,0
49,3.75,23.5,28.5,13.0,-8.5,28,0
48,5.62,23.9,29.2,13.4,1.0,24,0
47,2.5,25.2,44.2,28.3,33.5,49,0
46,3.75,17.4,24.0,20.7,4.5,0,0
45,3.75,25.5,42.2,28.8,-11.0,66,0
44,4.38,22.2,32.1,22.9,-10.6,57,0
43,5.0,21.1,41.9,26.9,-39.2,45,0
42,5.0,24.6,28.6,10.1,-5.8,34,0
41,5.62,18.5,39.8,29.8,-12.0,55,0
40,2.5,21.0,32.4,19.4,-17.8,51,0
39,4.38,19.4,34.9,23.6,-0.2,63,0
38,4.38,26.9,32.9,16.7,-13.8,48,0
37,4.38,29.2,43.0,20.6,5.0,71,0
36,5.0,22.2,24.4,10.9,5.8,20,0
35,6.25,27.0,37.7,19.3,-6.5,63,0
34,6.25,35.2,45.6,17.5,10.8,15,0
33,1.25,24.9,37.9,17.3,-1.2,0,0
32,2.5,21.6,33.2,19.2,1.0,36,0
31,4.38,32.0,44.8,14.7,5.2,79,0
30,5.0,13.8,32.4,28.0,-8.2,19,0
29,5.0,24.4,39.8,19.5,11.0,40,0
28,0.0,33.1,47.8,25.9,-11.0,77,0
27,4.38,22.6,35.0,21.5,-18.0,0,0
26,5.0,22.9,42.8,21.3,9.9,74,0
25,5.0,24.5,35.7,27.6,-12.8,0,0
24,6.25,18.6,45.9,21.8,10.1,80,0
23,6.25,24.0,38.4,29.5,-16.3,74,0
22,8.12,32.0,35.6,16.5,0.1,70,0
21,4.38,25.0,44.7,21.9,-36.6,46,0
20,5.62,21.5,45.6,17.4,-6.8,62,0
19,7.5,20.5,59.5,18.7,-0.4,76,1
18,3.12,28.6,50.4,21.4,1.6,29,0
17,3.75,24.6,45.7,18.7,-6.0,69,0
16,4.38,25.6,45.5,20.0,-17.4,29,0
15,5.0,24.6,55.8,24.2,16.2,65,0
14,6.25,22.6,70.3,29.5,14.5,80,0
13,9.38,23.2,41.7,21.0,-13.0,37,0
12,5.0,24.9,43.3,17.8,-17.0,84,1
11,5.0,25.5,45.0,23.6,4.0,45,0
10,5.62,25.0,44.5,22.9,-7.4,74,0
9,6.25,20.6,58.7,26.5,-8.2,73,0
8,7.5,26.1,50.7,21.5,9.3,42,0
7,5.0,24.1,50.4,20.7,-10.0,26,0
6,6.25,25.0,73.7,33.3,7.4,91,1
5,8.75,20.2,46.0,25.0,-2.2,49,0
4,6.25,18.1,60.1,18.4,7.0,91,1
3,7.5,24.8,61.7,32.4,9.4,73,1
2,8.12,27.6,63.0,24.7,2.0,89,0
1,10.0,30.0,71.3,27.1,-3.1,92,1
66,1.11,5.4,16.1,28.7,16.6,0,0
65,1.11,22.2,21.3,14.5,-2.6,15,0
64,1.67,16.3,18.0,14.1,12.0,22,0
63,1.67,17.2,28.7,29.1,-30.2,18,0
62,1.11,22.6,33.7,20.7,-12.6,0,0
61,4.44,14.3,26.6,28.5,24.0,10,0
60,3.33,14.2,20.5,19.2,-26.2,9,0
59,1.11,28.0,36.1,21.6,-6.2,34,0
58,4.44,33.4,44.4,27.2,12.8,42,0
57,2.22,22.3,34.1,26.0,19.8,48,0
56,3.33,18.0,41.7,32.1,9.8,0,0
55,3.33,22.2,40.8,34.0,-4.4,0,0
54,3.33,26.7,40.4,23.3,-5.6,45,0
53,3.33,27.4,34.9,19.7,-0.2,45,0
52,4.44,17.3,38.3,20.7,13.4,47,0
51,5.56,23.1,34.3,19.0,-3.4,66,0
50,1.11,14.8,31.6,25.9,14.0,0,0
49,1.11,20.3,31.9,26.2,-4.2,0,0
48,2.22,19.3,44.9,28.9,14.1,36,0
47,2.22,20.0,40.5,37.3,14.6,49,0
46,3.33,19.3,44.1,35.8,-29.4,12,0
45,4.44,17.9,35.4,28.3,-13.3,64,0
44,4.44,20.1,40.5,32.8,-22.2,37,0
43,5.56,16.3,36.8,29.1,10.4,35,0
42,5.56,20.2,43.3,30.0,14.2,67,0
41,5.56,23.7,35.3,22.9,5.0,32,0
40,6.67,19.9,52.9,27.8,-7.8,59,0
39,2.22,18.8,35.6,26.9,6.8,20,0
38,3.33,23.3,30.3,15.2,-1.7,46,0
37,3.33,33.7,37.8,20.9,13.2,57,0
36,5.0,14.8,34.5,28.4,-14.2,0,0
35,3.89,25.4,32.1,23.8,16.2,52,0
34,4.44,10.8,42.6,28.1,-25.6,48,0
33,4.44,19.2,36.7,23.6,-0.1,76,0
32,4.44,27.2,35.0,17.3,-17.6,18,0
31,5.0,24.6,59.3,31.5,19.4,64,0
30,6.11,27.3,56.6,35.0,-22.4,45,0
29,6.67,21.3,43.8,30.8,-7.3,0,0
28,6.67,27.9,43.5,23.4,-3.8,41,0
27,7.78,31.7,59.5,32.2,-3.4,61,0
26,4.44,18.1,52.2,33.1,-8.7,4,0
25,5.56,22.8,40.7,29.3,-13.0,24,0
24,5.56,26.2,55.1,32.6,-1.3,51,0
23,5.56,29.1,46.0,26.4,-3.3,0,0
22,6.67,22.8,50.2,34.9,-6.0,72,0
21,4.44,26.9,61.8,33.7,-21.0,95,1
20,6.67,14.6,54.6,31.0,-29.7,40,1
19,6.67,27.2,43.6,22.8,-3.6,36,0
18,7.78,26.0,57.8,35.9,-9.1,54,0
17,3.89,20.3,34.5,27.3,-7.8,0,0
16,3.89,25.6,44.6,22.9,18.0,74,0
15,4.44,17.9,41.3,25.6,12.6,45,0
14,7.22,17.1,52.9,32.6,-14.1,48,0
13,7.22,24.9,49.3,24.4,-24.0,63,0
12,7.78,22.6,49.5,24.5,-2.7,80,0
11,5.56,19.7,52.3,30.4,7.3,55,0
10,5.56,21.3,65.5,27.3,-16.3,42,0
9,6.67,19.8,57.9,23.3,-5.2,93,0
8,5.56,29.2,52.9,20.1,23.8,65,0
7,6.67,15.6,65.0,34.5,1.2,87,0
6,5.56,19.0,65.9,23.3,-23.3,73,0
5,7.78,10.3,65.3,22.1,-23.3,91,1
4,8.89,15.1,63.8,24.9,-28.3,82,0
3,7.78,20.6,54.2,25.4,9.0,70,0
2,10.0,21.1,65.5,27.8,-30.3,78,1
1,6.67,15.0,61.7,19.3,-1.3,83,1
27,0.0,16.3,16.3,13.1,-5.2,16,0
26,2.22,27.2,28.8,13.7,-10.8,21,0
25,1.11,9.3,17.1,19.8,-6.1,15,0
24,2.22,12.6,31.6,28.0,-14.8,15,0
23,3.33,14.6,27.7,25.7,23.2,2,0
22,1.11,15.6,22.4,18.7,0.8,16,0
21,1.11,18.4,31.8,24.4,18.0,20,0
20,1.11,27.8,37.0,21.6,-8.4,20,0
19,2.78,14.8,31.3,26.6,-14.2,18,0
18,3.33,16.3,37.0,29.9,10.0,0,0
17,3.33,21.9,44.0,32.0,-24.7,24,0
16,3.89,19.0,41.4,25.4,13.2,13,0
15,4.44,12.8,39.8,34.7,-12.4,15,0
14,4.44,15.1,39.6,31.0,-43.6,23,0
13,1.11,19.2,34.6,27.5,-2.9,14,0
12,5.0,22.4,41.0,24.2,11.7,23,0
11,3.33,21.1,39.0,34.8,-0.7,36,0
10,5.56,21.0,52.6,36.0,23.2,11,0
9,6.67,16.6,43.7,31.9,9.3,19,0
8,6.67,18.2,54.9,32.7,9.7,53,1
7,7.22,17.2,62.5,34.3,16.0,44,0
6,6.67,16.9,67.2,36.8,-24.4,39,0
5,5.0,25.9,66.8,27.6,-26.3,45,0
4,6.11,17.6,72.4,37.0,-35.6,68,0
3,7.78,19.6,74.6,34.4,-12.6,77,1
2,8.89,13.6,68.9,13.4,-8.4,67,1
1,8.89,14.7,69.4,18.7,-0.6,77,1
